Ticker,en_OrganShortName
HDC,Ba Ria - Vung Tau House Development
HLC,Ha Lam -  Vinacomin Coal
ICF,INCOMFISH CORP
IDJ,"IDJ Investment., JSC"
KTC,Kien Giang Trading
LIG,Licogi 13
RDP,Rang Dong Plastic
SFI,Sea and Air Freight International
SIP,SVGR CORP
TAL,Taseco Land
MTB,Thai Binh Environment And Urban Projects
DLH,Thanh Hoa Tourism
TKU,Tung Kuang Industrial
TNC,Thong Nhat Rubber
HVN,Vietnam Airlines
VQC,VINACOMIN QUACONTROL
FVN,Viet Nam Technology And Design
CAR,Tri Viet Education Group
AAH,Hop Nhat Coal
BT6,BETON 6
TRH,Central Transport Hospital
TNH,TNH Hospital Group
BVS,Bao Viet Securities
CIG,COMA 18
ADG,Clever Group
DLM,Da Nang Public Lighting Joint Stock Company
DPS,Soc Son Development Investment
EVE,Everpia
FBC,Pho Yen Mechanical
MTX,Gocong Urban Project
HAS,Hacisco
HEV,Higher Education and Vocational Books
HVH,HVC Investment And Technology
ING,Investco.corp
L10,Lilama 10
MPT,MPT Group
PGT,PGT Holdings
POW,PV Power
PX1,Cement Song Lam 2
QBS,Quang Binh Import And Export
SDY,Song Da Yaly Cement
S4A,SeSan 4A HydroElectric
AST,Taseco Air Services
TQN,Quang Ninh Pine
TL4,HYCO4 - JSC
MTN,Thanh Nien Media Group Corp
TTC,Thanh Thanh Construction
TTN,Viet Nam Technology and Telecommunication
UDJ,Becamex UDJ
TLL,Thang Loi Textile Garment
VIN,VINATRANS
VHE,Viet Nam Herbs and Foods
VTV,VICEM Energy And Environment
MEY,Meey Land Group
PPT,Petro Times
FUCTVGF4,Thien Viet Growth Fund 4
BFC,Binh Dien Fertilizer
BKC,Bac Kan Mineral
DX2,319.2 Investment and Construction
CTR,Viettel Construction
DPC,DANAPLAST
BDT,DongThap Building Materials
DTE,Dai Truong Thanh Holdings
H11,HUD101 Construction
HAG,HAGL Joint Stock Company
HEJ,Vietnam Hydraulic Engineering Consultants
HGT,Huong Giang Tourrist
HRT,Hanoi Railway Transport
HHI,Hoang Hac
HTT,Ha Tay Trading
MDD,Mai Dong Company
NCS,Noibai Catering Services
NHP,NHP Production Import - Export
PAS,Phuong Anh International
PCF,PETEC Coffee
PV2,PV2 Invest
QNS,Quang Ngai Sugar
REN,Ecological Investment and Construction
SBM,Bac Minh Development Investment
SHN,Hanoi Investment General
SJ1,Hung Hau Agricultural
SZE,Sonadezi Environment
TDT,TDT Investment And Development
THU,Thanh Hoa Urban Construction and Environment
STH,Thai Nguyen Book Distribution
TV6,EMA LAND Group
VE3,VNECO 3 Electricity Construction
VUA,Stanley Brothers Securities
VKC,VKC Holdings
MVN,Vietnam Maritime Corp.
VRG,VINARUCO
BDW,Binh Dinh Water Supply and Sewerage
BHP,Ha Noi - Hai Phong Beer
BIO,BIOPHARCO
TW3,CETECO US
TTS,Thai Trung Steel
EAD,Daklak Power Hydroelectric
DTN,Thong Nhat Match
E29,29 Construction And Engineering
GHC,Gia Lai Hydropower
KVC,Kim Vi Inox Import Export Production
LM7,LILAMA 7
MPC,Minh Phu Seafood
NJC,Nam Dinh Garment
NTF,Nghe An Pharma
BT1,Central Plant Protection No.1
PXT,Petroleum Pipeline And Tank Construction
QNW,Quang Ngai Water Supply Sewerage
REE,Refrigeration Electrical Engineering
SDV,Sonadezi Service
MSH,Song Hong Garment
SIV,"SJS.,CO"
SVD,Vu Dang Investment & Trading
NTH,Nuoc trong Thermal Power
TLG,Thien Long Group
TNM,Tranimexco
TCJ,To Chau
VDT,Binh Tay Steel Netting
VNS,VINASUN
WSB,Sai Gon Beer Western
YTC,YTECO
FUEFCV50,ETF FPT CAPITAL VNX50
HII,An Tien Industries
BLI,"Bao Long Insurance "
CGL,Comexim Gia Lai
CPC,Cantho pesticides
DM7,Det May 7
E1VFVN30,DCVFMVN30 ETF Fund
FRM,Sai Gon Forestry
MOMOTA,MOMOTA
QCACS,Vietnam culture development
FUEIP100,ETF IPAAM VN100
ODE,ODE Media and Entertainment
CVP,Cua Viet Port
B82,Company No 482
PPG,Phu Phong Construction
TAS,Trang An Securities
NTSR,Nam Trieu Construction
HPSP,Hai Phong Shipchandler
CAV,Vietnam Electric Cable
SGP,Saigon Port
CTN,Vinavico
HLA,Asia Huu Lien
HNF,Huu Nghi Food
LWS,Lao Cai Water Supply
BAB,Bac A Commercial Bank
NBB,577 CORP
NCT,Noi Bai Cargo Terminal Services
PSD,Petrosetco Distribution
SAV,Savimex
SID,Saigon Co.op Investment
SD3,Song Da 3 JSC
SD9,Song Da 9 JSC
SGC,Sa Giang Import Export Corp.
SHP,Southern Hydropower
SII,Saigon Water
STG,South Logistics
SZB,Sonadezi Long Binh
VCP,VCP Power & Construction
TIG,ThangLong Investment Group
TNA,Thien Nam Trading and Exim
BAX,Thong Nhat JSC
TTT,Tay Ninh Tourist - Trading
UNI,Sao Mai Viet Investment and Development
VNW,Thong Nhat Electromechanical
ABI,Agriculture Bank Insurance
BBC,Bibica Corporation
BCG,Bamboo Capital
DBD,Binh Dinh Pharmaceutical
BAOVIETBAN,Bao Viet Bank
C12,Bridge No.12
CNG,CNG Viet Nam
DAE,Da Nang Educational Books
DAN,Danapha Pharmaceutical
TDB,Dinh Binh Hydropower
DC2,DIC No 2
DLA,Dong Tam Group
DVW,Dong Nai Water Supply Construction
EFI,Educational Financial and Investment
HHP,HHP Global
HKP,Hatien Packaging
KGM,Kien Giang Import Export
MC3,Mico 3 - Vimico
NTT,Nha Trang Textile & Garment
PC1,PC1 Group
RRC,Red River Coal
SST,SABECO SONGTIEN
TCB,Techcombank
TDS,Thu Duc Steel
TTH,Tien Thanh Service And Trading
TLD,Thang Long Deco
GTM,Tan Mai Group
TV2,Power Engineering Consulting 2
V21,Vinaconex 21
CCV,VCC Engineering Consultants
CCD,Construction and Maintenance of Roads and Bridges
API,Asia - Pacific Investment
CRE,Century Land
CIA,Cam Ranh International Airport Services
DVG,Dai Viet Paint Group
ESL,Eastern Saigon Logistics
HLB,Halong Beer & Beverage
HTM,Hanoi Trade - Hapro
HTW,Ha Tinh Water Supply
HIG,HIPT Group
HMG,Hanoi Steel Corporation
HT9,319 Infrastructure Development
HTI,IDICO-IDI
KHP,Khanh Hoa Power
KLC,Kim Lien Tourism
KMT,Central Vietnam Metal
LMC,LATCA Mineral
NAB,Nam A Bank
NHA,HaNoi South Housing & Urban Development
ONW,One World Services
PPH,Phong Phu Corp.
PSC,Sai Gon Petrolimex Transportation
SGD,Ho Chi Minh Edu Books
SVG,Industrial Gas and Welding Electrode
THT,VINACOMIN - Ha Tu Coal
TPH,"HAPCO .,JSC"
VHF,Vinh Ha Food Processing
ALV,MCST Group
BAF,BAF Vietnam Agriculture
BSA,Buon Don Hydropower
CAN,Halong Canfoco
CCM,Can Tho Cement
CDC,Chuong Duong Corp
CMF,Cholimex food
CBV,CTCBIO VietNam
DAG,Dong A Plastic Group
DSG,Dap Cau Sheet Glass
XD4,ENCI134.JSC
HSM,HANOSIMEX
HAX,Hang Xanh Motors Service
HGM,Ha Giang Mineral
HSG,Hoa Sen Group
HTP,Hoa Phat Textbook Book
HU4,HUD4
IDI,I.D.I International Development & Investment
L35,Lilama 35
NS3,Hanoi Water No 3
PAC,Dry Cell and Storage Battery
PDC,Phuong Dong Petroleum Tourism
PPS,PetroVietnam Power Services
PVX,Petro Vietnam Construction
PQN,PTSC Quang Ngai
SCR,TTC Land
SWC,Southern Waterborne Transport
TCW,Tan Cang Warehousing
TPP,Tan Phu VN Plastic
TTF,Truong Thanh Furniture
TTG,Thanh Tri Garment
VNM,Vinamilk
VNR,Vietnam Reinsurance
YBM,Yen Bai Industry Mineral
TANHUNG,Tan Hung JSC
S91,Song Da 91
ATSC,An Thanh Securities
MAFPF1,Manulife Progressive Fund
SVIC,SHB - Vinacomin Insurance
TRI,Tribeco Sai Gon Beverages
SSS,Song Da 6.06
TVH,Construction Consultation For Maritime Building
CRC,Create Capital Vietnam
DWC,Daklak Water Supply
DBH,Hai Phong Overland Road
DAR,Di An Train
DC1,DIC 1
DSC,DSC Securities JSC
DRC,Da Nang Rubber
DSH,"Dong Son Invest ., Jsc"
DSN,Dam Sen Water Park
EID,Hanoi Education Development
BVB,Viet Capital Bank - BVBank
GDT,Duc Thanh Wood
HDP,Hadiphar
XDH,Hanoi Civil Construction Investment
HTE,HCMPC Tradincorp
HUG,Hung Yen Garment
ITQ,Thien Quang Group
LNC,Le Ninh Quang Binh
PGD,PV Gas Distribution
PRC,Portserco
DSP,Phu Tho Tourist Service
DTD,Thanh Dat Investment Development
PXS,Petroleum Equipment Assembly
QLD,Lang Son Road Management and Construction
QNC,Quang Ninh Construction & Cement
SVC,SAVICO
TDP,Thuan Duc Company
TN1,Rox Key Holdings
TNG,TNG Investment And Trading
TPE,Tran Phu Electric Mechanical
TXM,Gypsum and Cement
VW3,VIWASEEN 3
WSS,Wall Street Securities
FUEKIV30,KIM GROWTH VN30 ETF
ASM,Sao Mai Group
BHK,Ha Noi - Kim Bai Beer
BTH,Hanoi Transformer and Electric Materials
DHL,Dai Hung Container Trading
BTT,Ben Thanh Trading and Service
C92,Engineering Construction No 492
CMW,Ca Mau Water Supply
DO3,Contrico. 3
DNM,Danameco Medical
FSO,Vietnam Fishery Mechanical Shipbuilding
FIT,F.I.T Group
HPM,Hoang Phuc Mineral
KBC,Kinh Bac Urban Development
KHL,Hung Long Building Material
KSH,Damac GLS
MKV,Cai Lay Veterinary Pharmaceutical
NFC,Ninh Binh Fertilizer
CSI,Vietnam Construction Securities
PGB,PG Bank
PJS,PHUWACO
PTL,Victory Group
SGH,Saigon Hotel Corp.
TBX,Thai Binh Cement
TVD,Vang Danh Coal
V45,Vinaconex 45
VTD,Vietourist Travel
VTB,Viettronics Tan Binh
TT6,Tien Thinh Group
AGF,An Giang Fisheries
CAG,An Giang Port
ARM,General Aviation Import Export
BCP,Enlie Pharma
BLF,Bac Lieu Fisheries
BWS,Ba Ria - Vung Tau Water Supply
CMC,CMC Investment
CTB,Hai Duong Pump Manufacturer
DDN,DAPHARCO
BSD,Sai Gon - Dong Xuan Beer Alcohol
DWS,DOWASEN
FIR,First Real
FTS,FPT Securities
GMD,Gemadept
HAN,Hanoi Construction
HNT,Hanoi Tram
CRV,CRV Real Estate Grou
LUT,Luong Tai Constructions
MCF,MECOFOOD
MND,Nam Dinh Environment
NVB,National Citizen Bank
NVT,Ninh Van Bay
PND,PetroVietnam Oil Nam Dinh
PNP,Huu Phu - Newport
PTE,Phu Tho Cement
CHS,HCMC Public Lighting
DNB,Dak Nong Book
TB8,VVMI - Manufacturing and Materials Equipment
TMW,Tan Mai Wood
GDA,Ton Dong A
VFR,Transport and Chartering Vietfracht
VJC,Vietjet Air
BCE,Binh Duong Construction
BTU,Ben Tre Urban Project
DTP,Ha Noi CPC1 Pharmaceutical
CT3,Project 3 Construction
CT6,Construction No 6
CTI,CuongThuan IDICO
D11,Real Estate 11
DIC,DIC Investment and Trading
DIG,DIC Corp
DL1,Alpha 7 Group
DNR,Quang Nam - Da Nang Railway
DTV,TraVinh Rural Electric Development
EBS,Hanoi Edu Book
FUEVFVND,DCVFMVN DIAMOND ETF
HHC,HAIHACO
DHN,Ha Noi Pharmar
ICS,"Kiem Dinh Ky Thuat, An Toan Va Tu Van Xay Dung - Incosaf"
IDV,Vinh Phuc Infrastructure Development
ILS,International Investment Trade
KHB,HoaBinh Mineral
KTS,Kon Tum Sugar
LHG,Long Hau Corp
HMD,Minh Duc Chemical
PMB,North PetroVietnam Fertilizer and Chemicals
TOW,Tra Noc - O Mon Water Supply
PAN,The PAN Group
PTB,Phu Tai Joint Stock Company
REC,Co Khi Cao Su
DS3,Inland Waterway Management No3
S55,Song Da 55
SUM,Survey and Minerals
TA3,386 Thanh An Construction and Investment
RTB,Tan Bien Rubber
FUCTVGF1,TVAM Growth Fund
UPH,UPHACE
VCM,BV Life
VIC,VinGroup
VNA,Vinaship
GVR,Viet Nam Rubber Group
X26,Company X26
HBB,Habubank
SEL,Song Da 11 - Thang Long
TVI,TVIC
MIREX,Vietnam Mineral Resources & Metallurgy
SERRA,Serrano Viet Nam
SNG,Song Da Omc
ABT,Aquatex Bentre
BLW,Bac Lieu Water Supply
UDL,Dak Lak Urban and Enviroment
VBG,Vinacomin - Viet Bac Geology
DDM,Dong Do Marine
DXP,Doan Xa Port
C36,236 Traffic Project Contruction and Management
HAV,Hapro Vodka
HT1,VICEM Ha Tien
L40,40 Investment and Construction
KSS,NaRi Hamico Minerals
L61,Lilama 61
MLS,Mitraco Livestock
POT,Post and Telecom Equipments
PBK,PV Power Ban Kan
QNT,Quang Nam Consulting and Investment Development
BSQ,SABECO Quang Ngai
SAM,SAM Holdings
SLD,Sacomland
SVI,Bien Hoa Packaging
TID,Tin Nghia Corp.
VCC,Vinaconex 25
VFC,Vinafco
NDT,Nam Dinh Textile Garment
VPL,Vinpearl Jsc
VTP,Viettel Post
VXP,VETVACO National Veterinary
VIA,Vian
GALAXY,Galaxy Studio
TSA,Truong Son Investment And Construction
CNA,Nghe An Tea Corporation
ACBS,ACB Securities
VTG,Vungtau Tourist
C22,22 Company
CDG,Cau Duong Construction Material
CID,Contruction and Infrastructure Development
DAD,DaNang Education
DMN,Domenal
DTJ,Dong Thap Telecommunication Investment
HLE,Hai Phong Electric Lighting
HNC,Huu Nghi Cement JSC
HNA,Hua Na Hydropower
HU6,HUD6
ICI,Industrial Construction and Investment
IBD,Binh Duong General Printing
ITS,V-ITASCO
L43,Lilama 43
MDC,Mong Duong Coal
PDT,Dong Thap Petroleum Trading
PGS,PetroVietnam Southern Gas
PHH,Hong Ha Vietnam
PTS,Hai Phong Petrolimex Transportation
NQN,Quang Ninh Clean Water
SCS,Saigon Cargo Service
SFG,The Southern Fertilizer
STD,Saigon - Tay Do Beer - Beverage
TPC,Tan Dai Hung Plastic
VCG,Vinaconex Group
VHL,Viglacera Ha Long
VHI,Vietha Jsc
VGL,Vingal Industries
AIC,DBV Insurance Group
VNC,Vinacontrol
VNG,Thanh Thanh Cong Tourism
VTS,Tu Son Brick Tile
NKD,Cong Ty Kinh Do Mien Bac
GBS,Golden Bridge Vn Securities
DTLC,Contrexim Tan Long Cast
VVF,Vinaconex Viettel
BCI,"Khang Phuc House Co.,ltd"
TPC710,CIENCO 710
SVS,Viet Star Securities
TND,Tay Nam Da Mai Coal
D17,Dong Tan Mining
ABW,An Binh Securities
AMP,Armephaco
APH,An Phat Holdings
BBT,Bach Tuyet Cotton
BCB,397 Company
BHN,HABECO
BPC,Bimson Packaging Co.
BGT,Ba Ria - Vung Tau Province Work Traffic
CSC,COTANA GROUP
DHG,DHG Pharma
DNL,Da Nang Port Logistics
DSE,DNSE Securities
DTA,De Tam Land
FOC,FPT Online
HLT,Hoang Thi Loan Textile - Garment
TKD,Highway Engineering Consultant
ICG,Song Hong Construction
L63,Lilama 69-3
MCH,Masan Consumer
MSR,Masan High-Tech Materials
OCB,OCB Bank
PRO,Viet Nam  Procimex
PTO,Post and Telecommunication Services Construction
PSN,PTSC Thanh Hoa
SCL,Song Da Cao Cuong
DSS,Sai Gon Railway
TAP,Tan An Public Services
TCO,TCO Holdings
TST,Telecom Technical Services
TV3,Power Engineering Consulting 3
USD,Soc Trang Public Works
VFMVFA,Vietnam Active Fund
VDP,VIDIPHA Central Pharma
TMG,Thai Nguyen Non Ferrous Metals
MT7,Cong Ty Co Phan Minh Thanh
VDG,Van Dat Group
HTH,Vinacomin - Pilot JSC  (VPC)
FUEBFVND,ETF BVFVN DIAMOND
FUETCC50,ETF TECHCOM CAPITAL VNX50
LTG,Loc Troi Group (An Giang Plant Protection)
AGX,Sai Gon Export Agricultural Products
AVC,A Vuong Hydropower
CDH,Hai Phong Public Works and Tourism Service
DPG,Dat Phuong Group
FDG,Docimexco
HDW,Hai Duong Water
HPH,Ha Bac Hung Phat Chemical
HVT,Viet Tri Chemical
KTU,Kon Tum Urban Emvironment
LCG,LIZEN
MBB,MBBank
MZG,Miza Corp
VCE,Construction Environment
NLS,Lang Son Water Supply and Drainage
OGC,Ocean Group
PLP,Pha Le Plastics JSC
PPE,PVPower Engineering
PSP,Dinh Vu Petroleum Service
SBS,SBS Securities
SDU,Song Da Urban
SBR,Song Be Rubber
TMC,Thu Duc Trading and Import Export JSC
TRS,Tracimexco
USC,Union of Survey And Construction
VGC,Viglacera Corporation
DVM,Vietnam Medicinal Materials
VHD,VINAHUD
TDL,Tay Do Leather
WEB,Western Bank
VPK,Vegetable Oil Packing
PHT,Phuc Tien Steel
S64,Song Da 64
VASEDU,Viet Nam Australia International Education
COSEV,COSEVCO
DHI,Dien Hong Printing
COALIM,COALIMEX
COCO122,Construction and Investment No.122 - Cienco 1
VVS,Vietnam Machine Investment Development
ATP,An Thanh Trade and Service
ANV,Nam Viet
BUD,Vietnam Science and Technology
CIP,Construction and Industrial Production
CTS,Vietinbank Securities
DBC,DABACO
DLR,Dalat Real Estate
DNN,Da Nang Water Supply
EME,Electro Mechanical
FBT,Faquimex
PGV,Power Generation Corporation 3
HHR,Ha Hai Railway
I10,Idico–inco10
ITA,Tan Tao Industrial Park
KAC,Khang An Real Estate
KBE,Kiengiang Book and Equipment
KHW,Khanh Hoa Water Supply And Sewerage
MRF,MERUFA JSC
MTH,Ha Dong Environment
PVI,PVI
SBC,Sabetran Jsc.
ISH,Srok Phu Mieng Hydropower
TNV,Thong Nhat bike
UDC,Urban Development Construction
VE2,VNECO 2 Electricity Construction
VEF,Vietnam Exhibition Fair Centre
VID,Vien Dong Paper
VPB,VPBank
VPI,Van Phu - Invest
VSI,Waseco
SEC,Ttcs Gia Lai
ASIAGF,ACB Growth Fund
KIGIBA,Kien Giang Transportation and Irrigation
BIDIPHAR,Bidiphar 1 Pharmaceutical
EISS,EIS
VLSC,Van Loi Steel
FPTT,FPT Trading
HNOPTIC,Ha Noi Optic
SSE,Saigon Trading and Service
CH5,Hanoi Construction JSC  No.5
MCT,Material Trading and Construction
CVN,Vinam Group
DRG,Dak Lak Rubber
DNE,Danang URENCO
DBW,Dien Bien Water Supply
DNW,Dong Nai Water
DNH,EVNHPC DHD
FIC,FICO Corporation
FGL,Gia Lai Coffee
GIL,Binh Thanh Im-export
GLT,Global Electrical Technology
HBD,Binh Duong Pack Making
CC4,Investment and Construction No.4
ILA,ILA JSC
IST,Tan Cang Song Than ICD
LSG,"Sai Gon Vina Land "
LBM,Lam Dong Minerals
LAI,IDICO - LINCO
VET,NAVETCO
PIA,Petrolimex IT & Telecom
PTP,"PTP.,JSC"
NNQ,"Quang Nam Agricultural Varieties.,jsc"
SD8,Song Da 8 JSC
BCF,Bich Chi Food
UXC,Ut Xi Aquatic Products Processing
VBH,Viettronics Binh Hoa
VFS,Viet First Securities
VMS,Vietnam Maritime Development
VSC,Vietnam Container Shipping
XMC,Vinaconex Xuan Mai Concrete
UNM,Unimex Hanoi
CMM,CAMIMEX CORP
GCF,GC FOOD
ABR,Viet Brand Invest
ADC,Art Design and Communication
ADS,Damsan Yarntex
DPP,Dong Nai Pharmaceutical
DXL,Lang Son Tourism and Import - Export
FUEVN100,VINACAPITAL VN100 ETF
HBH,HABECO Hai Phong
HPB,PP Pack Making
IBN,Newspaper Nghe An Printing
IVS,Guotai Junan Securities (Vietnam)
MSN,Masan Group
HND,Hai Phong Thermal power
NVN,Vietnam House
PMG,Petro Center Corp.
PMW,Phumy Wasuco
PXH,Hanoi Petroleum Construction
S72,Song Da 7.02
SAD,Sai Gon Trade and Production Development
SDH,Song Da Sico
SJD,Can Don Hydro Power
TCP,Vinacomin - CamPha Coal
TVS,Thien Viet Securities
VSA,Vietnam Ocean Shipping Agency
HIO,"Helio Energy.,jsc"
TRV,Railway Transport
AGE,An Giang Urban Environment
AME,ALPHANAM E&C
BBH,Hoang Thach Bagging
BRC,Ben Thanh Rubber
BSC,BenThanh Service
XDC,Tan Cang Construction
FUEMAVND,ETF MAFM VNDIAMOND
TD6,Deo Nai - Coc Sau - TKV
APF,Quang Ngai Agricultural Products
BAM,Bac A Metallurgy and Mineral
BGE,BCG Energy
CAD,Cadovimex Seafood
CPA,Phuoc An Coffee
DFF,Dua Fat Group
GTH,Thua Thien Hue Construction Transportation
HDB,HDBank
KDC,KIDO Group
KLF,KLF Global
MIC,Quang Nam Mineral
NLG,Nam Long Investment
LTQ,Nguyen Van Troi Forestry
PLO,Petec Logistics
PMJ,P&T Material Supply
PVT,PVTrans
SASC,Asean Securities
SDD,Song Da Construction
SPB,Phu Bai Spinning
UMC,Nam Dinh Urband Construction Management
MTS,Vinacomin - Materials Trading
MHP,Viet Tri Enviroment And Service Joint Stock Company
NTG,Kien Giang Lan - Route and Ship Transport
ACB,Asia Commercial Bank
ACS,ACSC
AVF,Anvifish Co.
BWE,Binh Duong Water Environment
C47,Construction 47
CKV,CokyVina
CPH,Haiphong Funeral Services
CTX,CONSTREXIM HOLDINGS
DLD,DakLak Tourist
DAL,Dong A Development Service Trading Jsc
FHS,FAHASA CORP
FTM,FORTEX
FOX,FPT Telecom
DDG,Indochine Import Export Investment Industrial
L62,Lilama 62
NAF,Nafoods Group
NAC,NAGECO
NTB,Transport Construction 584
PEC,Power Engineering
PEQ,Petrolimex Equipment
PSL,Phu Son LiveStock
PVB,PetroVietnam Coating
SC5,Construction No. 5
SCG,SCG Construction
SDE,Song Da Electrical Engineering
SDP,SDP Joint Stock Company
SSB,SeABank
DTH,Thanh Hoa Medical Materials
WTB,To Buong Hydropower
TSC,Can Tho Techno-Agricultural
VOC,Vocarimex
DLT,Vinacomin - Tourism & Trading
WCS,West Coach Station
WTC,Vinacomin - Waterway Transport
SCV,Vietnam National Salt
ACSVN,ACS Viet Nam
BMS,Bao Minh Securities
BTD,Thuduc Centrifugal Concrete
CAT,Seaprimexco
DIH,DIC Hoi An
MEG,Megram Company
ELC,ELCOM
GQN,Quang Nam Aquaculture
AAS,SmartInvest Securities
HPT,HPT Vietnam Corp.
IRC,Industrial Rubber
JVC,Japan Vietnam Medical Investment and Development
KLM,Nghe Tinh Non - Ferous Metal
DNA,An Giang Power and Water Supply
SPD,Danang Seaproducts
SPP,Saigon Plastic Packaging
TBD,Dong Anh Electrical Equipment
VMI,VISACO Mineral and Investement
VTC,VTC Telecom
VXB,Ben Tre Construction Material
XMD,Xuan Mai - Dao Tu
XPH,Hanoi Soap
CST,Cao Son Coal
BBS,But Son Cement Packing
CLW,ChoLon Water Supply
CMT,Information and Networking Technology
DHP,Hai Phong Electrical Mechanical
DXS,Dat Xanh Real Estate Services
DXV,Danang Building Material VICEM
EMC,Thu Duc Electro Mechanical
KISVN,KIS Vietnam Securities
GMX,My Xuan Brick Tile
GH3,Ha Noi Transport Project
HDA,Dong A Paint
HKB,Ha Noi - Kinh bac Food
LBC,Long Bien JSC
NHC,Nhi Hiep Brick-Tile
BSL,Sai Gon - Song Lam Beer
SHA,Son Ha Sai Gon
SRA,Sara Vietnam
TVO,Tan Binh Vegetable Oil
TDC,Becamex TDC
TDM,Thu Dau Mot Water
THS,Song Da Thanh Hoa
UPC,VT.UPC
IFA,Vien Dong Assurance
VAT,Van Xuan VT
MVB,Vinacomin - Viet Bac Mining Industry
VIT,Viglacera Tien Son
VPR,VINAPRINT
CAB,Vietnam Television Cable
CLH,La Hien Cement
DFC,Dong Anh Chain and Freewheel
AGG,An Gia Real Estate
C32,3-2 Investment and Construction
HFB,HCMC Ferry Bridge Construction
CCL,Cuu Long Petro Urban Development And Investment
CNT,CNT Group
ICN,IDICO-CONAC
CTD,COTECCONS construction
DP2,Central Phamarceutical No 2
HAM,Hau Giang Materials
HNM,Hanoi Milk
IMI,Industrial Machinery and Instruments Holding
KSA,Binh Thuan Mineral
LSS,Lam Son Sugar
MFS,Mobifone Service
MKP,Mekophar Pharmaceutical
MTG,MT Gas
NT2,Nhon Trach 2 Power
OCH,Ocean Hospitality and Service
PSG,PVC - SG
KSF,Sunshine Group
QST,Quang Ninh Books & Equipments
SBL,Sai Gon - Bac Lieu Beer
TV4,Power Engineering Consulting 4
VC6,Visicons
VCH,Vinaconex 34
VIS,Vietnam - Italy Steel
VPA,VP Petrochemical Transport
VTJ,Vinataba Trading & Investment
BCO,Binh Phuoc Construction
HLO,Ha Lo Technologies Jsc
ABA,A BA Business Solutions
ABB,An Binh Bank
CAF,AGRIMEXCO CAMAU
BGW,Bac Giang Clean Water
MBN,Bac Ninh Urenco
BVH,Bao Viet Group
DHB,HaBac Nitrogenous Ferlitizer
DCF,Design and Construction No.1
MCD,Dong Ha Environment And Urban Works
DRL,Hydro Power - Power No.3
QLT,No. 10 Inland Waterways Management And Maintenance
RGG,Regal Group
ECI,Education Cartography And Illustration
HMH,Hai Minh Corp.
LIC,LICOGI
MCP,My Chau Printing and Packaging
MDF,MDF VRG - Quang Tri Wood
NBP,Ninh Binh Thermal Power
NDN,Danang Housing Investment
PEN,Petrolimex Installation No.3
PEG,PETEC Trading and Investment
EIN,Power Investment-Trade-Service
PVH,Thanh Hoa Petroleum Construction
PVL,Viet Property Investment
PWS,Phu Yen Water Supply and Sewerage
QSP,Quy Nhon New Port
SFC,Saigon Fuel Co.
SFN,Saigon Fishing Net
TBT,Bentre Transportation Works Contruction
FUCVREIT,Techcom Vietnam REIT Fund
TIX,TANIMEX
TNB,Nha Be Steel
SGV,Vinaconex Saigon
VE1,VNECO 1
VVN,Vietnam Industrial Construction
ABC,VMG Media
VNF,VINAFREIGHT
VTX,Vietranstimex
VISCO,Vietnam Construction and Import - Export
TPBD,Tuy Phuoc Power Construction
PHPORT,Phu Huu Port
VILA,VILACONA
NLNA,EDCNA
TINVIET,VIETCREDIT Finance
PFV,Pfv Investment And Trading
MCCON,Machines Construction & Service
RHC,Ry Ninh Ii Hydroelectric
ACEW,ACE Wood Furniture Technology
IDICOT,Investment Construction And Tourism
NNT,Ninh Thuan Water
NTP,Tien Phong Plastic
PGN,Plastic Additives
S96,Song Da 96
S99,Song Da 99 (SCI)
SDB,SongDa 207
SMT,SAMETEL
SON,International Manpower Supply and Trade
TAN,Thuan An Coffee
TVW,TraVinh Water Supply &  Drainage (Trawaco)
TTB,Tien Bo Group
VCBS,VCBS Securities
VE8,Vneco 8 Electricity Construction
HNE,Cong Ty Hanel
HLR,Ha Lang Railways
DKC,Lang Son Market
LDP,Lam Dong Pharmaceutical
MHC,MHC JSC
MTP,Medipharco Pharmaceutical
DVT,Binh Dinh Transport Vocational Training
ACE,An Giang Centrifugal Concrete
AFX,An Giang Agriculture and Foods Import - Export
BMI,Bao Minh Insurance
CBS,Cao Bang Sugar
CHP,Central Hydropower
CLL,Cat Lai Port
CTF,City Auto
CTG,VietinBank
DCR,COSEVCO Ceramic Tiles
DDV,DAP - Vinachem
FLC,FLC Group
FMC,Sao Ta Foods
FCS,Ho Chi Minh City Food
GAB,FLC Mining Investment and Asset Management
EGL,"Urenco Gia Lam.,jsc"
AMC,Asia Mineral
BDB,Binh Dinh Book
BDG,Protrade Garment
BXH,Haiphong cement packing
CCA,Caseamex
CK8,120 Mechanical
COM,Materials - Petroleum Co.
EMS,VN Post Express
GEE,"GELEX Electric "
HAD,HADUBECO
RHN,Ha Ninh Railway
HEC,Hydraulic Engineering Consultant II (HEC II)
HLD,HUDLAND Real Estate
ILC,International Labour and Services
NSC,Vietnam National Seed Group
PHR,Phuoc Hoa rubber
PMT,Telvina Vietnam
PPP,PP.Pharco
PVE,PV Engineering
PPY,Petrovietnam Oil Phu Yen
PVR,Ha Noi PVR Investment
PWA,Petrowaco Property
PXL,Long Son Petroleum Industrial Zone
MQN,Quang Ngai Urban Environment
SDT,Song Da 10 JSC
LNINVEST,La nga Investment
TIC,Tay Nguyen Electricity
CIE,Construction No 128 - Cienco 1
MLN,Mai Linh North
SME,Sme Securities
CIEN484,CIENCO 484
L165,Licogi 16.5
LACHO,Lac Hong Investment
NBCS,Ninh Binh Concrete - Steel
NBPRIM,Ninh Binh Export Import & Production
DKG,DamiK Group
LYF,Luong Yen Food Company
GMH,Quang Tri Minh Hung
ATA,NTACO Corporation
BOT,Thai Ha Bridge BOT
BWA,Bao Loc Supply Sewerage and Constructon
CAP,Yen Bai Forest Agricultural
CEN,CENCON Vietnam
DND,Dong Nai Material and Building
GLC,Lao Cai Gold
PHN,Habaco
HFX,Thanh Ha HAFOREXIM
HTS,Huong Thinh Steel
MCI,IDICO Material Development And Construction Investment
GKM,Khang Minh Group
LDG,LDG Investment
LGC,CII Bridges and Roads
LMH,Quoc te Holding
LTC,Low Current Telecom
MLC,Lao Cai Urban Environment
MTL,Urenco Tu Liem
MWG,Mobile World Investment
NDC,Nam Duoc Pharmaceutical
NTW,Nhon Trach Water
POV,Vung Ang Petroleum
PVM,PV MACHINO
PVV,Vinaconex 39
SVL,Sovilaco International Manpower
TLP,Thanh Le Corp
TJC,Transport and Trading service
TKC,Tanky Real Estate
TKG,Tung Khanh Tramaco
TRC,Tay Ninh Rubber
UTT,Thanh Tri Urban Environment
VC1,Viet Nam Construction No.1
VIM,Viglacera Mineral
KIP,VINAKIP
VWS,VIWASE
VPH,Van Phat Hung
SBG,Siba Group Jsc
RYG,Royal Invest Jsc
BSR,Binh Son Refining and Petrochemical
CMD,CMID
CMN,Colusa -  Miliket
EXIMLAND,Exim Land
GER,GERU STAR SPORT CO.
HBS,Hoa Binh Securities
KSK,Mineral Ferrous Metalergy
KSQ,CNC Capital Viet Nam
L45,LILAMA 45.1
LMI,LAMA IDICO
MIG,Military Insurance
FHN,VIHAFOODCO
PNC,Phuong Nam Cultural
POB,PVOIL Thai Binh
PTN,Khanh Hoa House Development
SKV,Khanh Hoa Salanges Nest Soft Drink
VNB,Vietnam Books
SHB,SH Bank
SRB,SARA
TBW,Thai Binh Clean Water
DTG,TIPHARCO
THP,Thuan Phuoc corporation
VPW,Vinhphuc No1 Water Supply and Drainage
MVT,Viet Thinh Garment Joint Stock Company
XMP,Xuan Minh Hydro Power
BIDVF,Bidv Financial Investment
MDB,Mekong Development Bank
NITAGRE,Ninh Thuan Agricultural Products Export
BED,Danang books
BHI,Saigon - Hanoi Insurance
CIC,Cotec Investment Land - House
DTT,Do Thanh Technology Corp.
EPC,Ea Pok Coffee
FT1,Machinery Spare Parts N01
HCT,Hai Phong Cement Transport and Trading
CVH,"Cong Ty Cong Vien, Cay Xanh Hai Phong"
ITC,Investment and Trading of Real Estate
LHC,Lam Dong Construction
MEC,Song Da Mechanical Assembling
MDT,"Mecasb,jsc"
MIE,Machines and Industrial Equipment
MTA,MITRACO
MML,Masan MEATLife
KBSV,KB Securities Vietnam
MST,MST Investment
PIC,PC3-Invest
SAF,Safoco Foodstuff
SCA,Song Con Agriculture
SCD,Chuong Duong Beverages
SCJ,Sai Son Cement
SD1,Song Da 1
SDG,Can Tho Sadico
SZL,Sonadezi Long Thanh
TAW,Trung An Water Supply
TSD,Truong Son Tourism Ceocco
V12,Vinaconex 12
VCA,VNSTEEL - VICASA
VCR,Vinaconex - ITC
VSN,VISSAN
VCW,Song Da Water Investment
FUEKIVND,ETF KIM GROWTH VN DIAMOND
CMS,CMH Group
CDP,Codupha Central Pharmaceutical
CTA,Vinavico
CX8,Constrexim No. 8
DZM,Dzima
EIC,EVN International
ROS,FLC FAROS Construction
HCB,March 29 Textile Garment
HDV,"Vcp .,Jsc"
HEM,Hanoi Electromechanical
IKH,Stps.co
LCM,Lao Cai Mining
NXT,Kon Tum Construction Materials Supply
GCB,PETEC BIDICO
PVG,Petro Vietnam LPG
SPV,Seaspimex Vietnam
SRF,SEAREFICO
TAR,Trung An Hi-tech Farming
VE4,VNECO4 Electricity Construction
VLC,Vietnam LiveStock
VPC,V- Power
VRC,VRC Real Estate and Investment
VGI,Viettel Global Investment
STN,Saigon Southwest Trading
DAPHAR,DAPHARCO
TLSHOES,Thang long Shoes
TAB,Freco Viet Nam
ABS,BinhThuan Agriculture Services
ALT,Tan Binh Culture
ASP,An Pha SG Petrol
CEE,"Cii . Infrastructure Construction "
CLG,Cotec Land
TIN,VIETCREDIT Finance
CTW,Can Tho Water Supply - Sewerage
DMC,DOMESCO Medical
HCI,Ha Noi Construction Investment
HJC,Hoa Viet Joint Stock Company
HU3,HUD3 Construction
HVG,Hung Vuong Corporation
IFS,Interfood
IPA,I.P.A Investments Group
MEF,MEINFA
MQB,Quang Binh Environment and Urban Development
NRC,Danh Khoi Group
NQT,Quang Tri Clean Water
PTH,Ha Tay Petrolimex Transportation and Service
QHD,Viet Duc welding electrode
S12,Song Da 12
S74,Song Da 7.04
BSH,Sai Gon - Ha Noi Beer
SPA,Saigon Packaging
SBB,Sai Gon Binh Tay Beer
SIC,ANI Joint Stock Company
THD,Thaiholdings Company
TMT,TMT Motors
VDN,Vinatex Da Nang
MBG,MBG Group
ACL,Cuu Long Fisheries
BHT,Bach Dang TMC Construction
BCM,Becamex IDC Corp.
BMJ,Easterns AHP Minerals
CEO,CEO Group
CNC,Traphaco High Tech
DCG,DAGARCO
CDN,Da Nang Port
EVF,EVN Finance
GEM,GEMEXIM
DCH,Ha Noi Cadastral Survey
HOM,VICEM Hoang Mai cement
HTC,Hocmon Trade
HWI,Hanoi Water Investment Infrastructure Construction
LAW,Long An Water Supply
PLX,Petrolimex
PJT,Petrolimex Tanker
PMP,Dam Phu My Packing
RAT,Railway Transport and Trade
SAP,Ho Chi Minh Textbook Printing
SCO,Seaproducts Mechnical
SCY,Song Cam Shipbuilding
NSH,Song Hong Aluminum
SMA,Saigon Machinco
SSI,SSI Securities
THG,Tien Giang Construction
PAT,Vietnam Apatite - Phosphorus
VBC,Vinh Plastic
VC2,VINA2 Invest and Construction
VCF,"VinaCafé Bien Hoa "
CLM,Coalimex
VHH,Thanh Dat House Trading
TMB,Vinacomin Northern Coal
AAA,An Phat Bioplastics
AGP,AGIMEXPHARM
BCV,Vimico – Cao Bang Bang Giang Travel And Trading
CBC,Bau Can Tea
GLW,"Gia Lai Water Supply Sewerage  "
GSP,Gas Shipping
HEP,Hue Urban Environment and Public Works
HHS,Hoang Huy Investment Services
HLG,HOANG LONG Group
IDP,LOF International Dairy Products
KDH,Khang Dien House
KLB,KienlongBank
LCD,Erection - Electromechanics Testing
LGL,Long Giang Investment
MES,Mechanical Engineer Service
NAW,Nghe An Water Supply
PCC,Petrolimex Construction No. 1
PHC,Phuc Hung Holdings
PJC,Petrolimex Hanoi Transportation
PTD,Phuc Thinh Design
PCN,DMC - Northern
QCG,Quoc Cuong Gia Lai
CQN,Quang Ninh Port
SEB,Central Area Electricity
SHC,Sai Gon Maritime
SHG,SongHong Corp
SSG,Seagull Shipping
G36,36 Corporation
TEG,TECGROUP
TIP,Tin Nghia Industrial Park
TNP,Thi Nai Port
TOT,Transimex Transportation
TSB,Tia Sang Battery
VC3,Nam MeKong Group
VCB,Vietcombank
VHC,Vinh Hoan Corp.
VHG,Viet Trung Nam Investment and Development JSC
VGR,VIP Green Port
E12,VNECO12
VNI,Vietnam Land Investment
VTE,"VINACAP Kim Long.,JSC"
FUEDCMID,ETF DCVFMVNMIDCAP
ATS,ATS Investment Group JSC
BVG,BVG Group
CERD,CER
DAS,DAESCO
MTV,Vung Tau Environment Services and Urban Project
DP3,FORIPHARM
GEX,Gelex Group JSC
GSM,Huong Son Hydro Power
CCP,Cua Cam Port
HTV,Logistics Vicem
ICC,Industrial Construction
IME,Mechanical and Industrial Construction
PAI,Petroleum Information Technology Telecom - PAIC
PCT,Global Pacific Shipping
PFL,Petroleum Dong Do
PPC,Pha Lai Thermal Power
RGC,PV-Inconess Investment
SKH,Khanh Hoa Sanest Soft Drink
SAB,SABECO
SJF,Sunstar Investment
SKN,Sanna Khanh Hoa Beverage
SLS,Son La Sugar
SMN,SOBEE JSC
SSC,Southern Seed JSC
STP,Song Da Industry and Trade
TGG,The Golden Group
TDI,TDIGroup
TYA,Taya Electric Wire and Cable
L162,Licogi 16.2
VSH,Vinh Son - Song Hinh Hydropower
HBBS,Shb Securities
VIBEX,Ha Noi Concrete Construction
YEG,Yeah1 Group
MVC,Binh Duong Building Materials and Construction
BHA,Bac Ha Hydropower
BTN,Binh Dinh Tunnel Brick
CMV,Ca Mau Trading
CNX,Cic Technology And Consultancy
FUESSV30,ETF SSIAM VN30
HAP,Hapaco Group
HOT,Hoi An Travel
HWS,Hue Water Supply
MPY,Phu Yen Town Environment
NBW,Nha Be Water Supply
NKG,Nam Kim Steel
NUE,Nha Trang Urban Environment
PNG,PNCo
PNSC,Funan Securities
POM,Pomina Steel
PVD,PetroVietNam Drilling & Well
RCD,Rubber Real Estate Construction
TA9,Thanh An No 96
TCR,Taicera ceramic
TED,Transport Engineering Design
TCD,Tracodi Construction Holdings
TRT,RedstarCera JSC
UCT,CanTho Urban
VES,ME CA VNECO
VIB,VIBBank
VUG,Viet Uc Jsc
VIW,Viwaseen
VKP,Viky Plastic
VNP,Vietnam Plastic
VIX,VIX Securities
VXT,VINATRANCO
VSG,Southern Container Shipping
THALO,Thang Long Garment
VL720,CMC 720
HOMEC,Hong Nam Mechanical
SOHAF,SOHAFOOD CORP
CC14,CC14
GEC,Gang Thep Engineering
COMA25,COMA25
BLU,Bac Lieu Urban Service
HPS,Hoa Phat Construction Stones
GMA,G-Automobile
HES,"HASECO.,CORP"
HHG,Hoang Ha JSC
HPG,Hoa Phat Group
KSB,Binh Duong mineral
MCG,MCG Energy and Real Estate
NDP,NADYPHAR
KNA,Nghe An Mineral
ONE,ONE Corp
PLA,Petroleum Logistic Service and Investment
PVS,Petroleum Technical Services
S27,Song Da 27
SBA,Song Ba JSC
SD5,Song Da 5 JSC
SGB,Saigonbank
SNZ,SONADEZI
SJG,Song Da Corp.
TA6,"INCO 665.,JSC"
TNI,Thanh Nam Group
TDF,Trung Do JSC
FCC,Foodstuff Combinatorial
V15,Vinaconex 15
AAV,Viet Tien Son Real Estate
BTW,Ben Thanh Water Supply
MT9,319 Central
CHC,Cam Ha Furniture
CLC,Cat Loi Tobacco
DNP,DNP Holding
ART,BOS Securities
GE2,Power Generation Corporation 2
AVS,Au Viet Securities
VCTN,Thai Nguyen refracetory
DAITA,DONG A ITACO
TNW,Thai Nguyen Water
VEA,VEAM CORP
VLP,Vinh Long Public Works
EVG,Everland Group
FTV,Vietnam Fortress Tools Jsc
HD6,Handico 6
DHD,HD Pharma
HSL,Hong Ha Food
HQC,Hoang Quan Real Estate
HTN,Hung Thinh Incons
KDM,GCL Group
KST,KASATI
MBT,Minh Bao Tin Real Estate Services
ORS,Tien Phong Securities
PTI,Post & Telecommunication Insurance
PXK,Petro Kinh Bac Investing and Construction
VDFC,VDF
PVP,Pacific Petroleum Transportation
QTC,Quang Nam Construction
XLV,Song Da Construction and Service
SHE,Son Ha Development of Renewable Energy
STL,Song Da - Thang Long
FSC,Yuanta Securities Vietnam
THA,Truong Hai Group
TOP,Top One JSC
TRA,Traphaco
APR,"An Phu Real Estate Investment "
CFM,CFM Investment
CYC,Chang Yih Ceramic
DCM,PetroVietnam Camau Fertilizer
DAGF,DELTA AGF Investment and Construction
VTNB,Vietnam Tin Nghia Bank
C4G,CIENCO 4
DQC,Dien Quang Group
FCN,FECON CORP
FID,VNDINVEST
FPT,FPT Corp
GGG,Giai Phong Motor
HNP,Hanel Plastics
HCM,HSC Securities
HTL,Truong Long Auto
HVX,Vicem Hai Van
IMP,Imexpharm Pharmaceutical
KAT,Kim Anh Tea
NWT,Newway Transport
PDV,Phuong Dong Viet Shipping and Logistics
PVC,Petrovietnam Chemical and Services
PSW,South West PetroVietNam Fertilizer and Chemicals
ROSE,Kafi Securities
TFC,TRANG CORP
THB,Ha Noi - Thanh Hoa Beer
TMP,Thac Mo Hydropower
TPB,TPBank
TVB,Tri Viet Securities
HUB,Hue Construction
VGP,Vegetexco Port
VLG,VIMC Logistics JSC
VTA,Vitaly
VTM,Vinacomin - Transportation
VMJC,Vinacomin Machinery
TCS,Caoson Coal
VDSE,Vien Dong Securities
FUCTVGF3,Thien Viet Growth Fund 3
FUCTVGF5,Thien Viet Growth Fund 5
FUEABVND,ETF ABFVN DIAMOND FUND
F88,"F88.,jsc"
BMK,Black Cat
AVG,"Europe Vietnam International Fertilizer "
ACC,ACC Binh Duong Investment and Construction
AIG,AIG Asia Ingredidents Corporation
NCG,Nova Consumer
VSVN,VS Industry Vietnam
ATC,Telecommunications A
DCD,DIC Tourist and Trade
NHS,Agris Ninh Hoa JSC
ALPHAXD,ALPHANAM E&C
BHH,Habeco Trading 89
GPC,Green Plus Corporation
AGB,Binh Phu Company
AG1,28.1 JSC
ACG,An Cuong Wood
BNA,Bao Ngoc Investment Group
CCT,Can Tho Port
CTC,Hoang Kim Tay Nguyen Group
DRI,DakLak Rubber Investment
DGC,Ducgiang Chemicals
DHM,Duong Hieu Mining
FCM,Phan Vu Ha Nam Concrete
FHH,FLCHomes
HID,Halcom Vietnam
HHV,Deo Ca Traffic Infrastructure Investment
HBC,Hoa Binh Construction Group
LPB,LPBank
NDX,Danang Housing Development
VHM,Vinhomes
PDB,DIN Capital
PIT,Petrolimex International Trading
QBR,Quang Binh Railway
SD4,Song Da 4 JSC
SPM,S.P.M CORP
TAG,Tran Anh Company
GTD,Thuong Dinh Footwear
TEL,TELCOM
THI,Electrical Equipment
TLC,Cong Ty Co Phanthang Long
GVT,Viet Tri Paper
NGKCT,Can Tho Beer-Beverage
INVESTREAL,INVESTREAL
TODI,TODIMAX
DTDS,Dai Tay Duong Securities
NLC,Na Loi Hydropower
CLS,Cho Lon Securities
AAT,Tien Son Thanh Hoa Group
BMN,715 company
BRS,BRUSCO
BTV,Ben Thanh Tourist
TS3,Truong Son 532
CMG,CMC Corporation
D2D,Industrial Urban Development No.2
HTK,Hai Duong Motor Transport Vehicle Registration
IED,DONIMEX
DT4,Inwama No.4
DTL,Dai Thien Loc
HBSC,CV Securities
HAF,Hanoi Foodstuff
DPH,Hai Phong Pharmaceutical
HRC,Hoa Binh Rubber
HD2,HUD2
KHD,Hai Duong Mineral
MCC,High - Grade Brick - Tile
MIM,Mineral and Mechanical
MSB,MSB Bank
NAP,Nghe Tinh Port
NNG,Ngoc Nghia Industry - Service - Trading
PBP,PetroVietnam Packaging
PDN,Dong Nai Port
SBD,SaoBacDau Technologies
SBH,Song Ba Ha Hydro Power
SDN,Dong Nai Paint Corp.
VEC,VIETTRONICS
TVM,Vinacomin Industry Investment Consulting
CGV,Vinaceglass JSC
CKM,VVMI Viet Bac Mechanical
BEL,VIETTRONICS BIEN HOA
CCR,Cam Ranh Port
NCP,Tkv - Cam Pha Thermal Power
HAC,Hai Phong Securities
ISG,International Shipping and Labour Cooperation
LM8,LILAMA 18
LO5,LILAMA 5
MCO,BDC Vietnam
PCM,Post and Telecommunications Construction Material
PNJ,Phu Nhuan Jewelry
APT,Saigon Aquatic Product
SEP,SEPON GROUP
SHS,Sai Gon - Ha Noi Securities
TDG,TDG Global Investment
SB1,Sai Gon Nghe Tinh Beer
VND,VNDIRECT
VSF,Vinafood 2
VTH,Viet Thai Electric Cable
YSC,Hai Phong Paper - Yen Son
GPGOLD,GP GOLD
FCB,Ficombank
CONS423,CTCO423
PYTHIS,Pythis
RUBSE,Delta Securities
LPT,Lap Phuong Thanh Production And Trading
BCR,BCG Land
BLN,Lien Ninh Bus
CBI,Cao Bang Cast Iron and Steel
GTS,Saigon Traffic Construction
DHC,Donghai Joint Stock Company of Bentre
DOP,DongThap Petroleum Transportation
MGG,Duc Giang Garment
DVC,Hai Phong Port Trading & Service
HDG,HA DO Construction
HLS,Hoang Lien Son Technical Ceramic
HLY,Yen Hung Construction Ceramic
HNI,Huu Nghi Garment
INC,IDICO Investment Consultancy
KSD,DNA Investement
LGM,Legamex Corp
MCM,Moc Chau Milk
NTC,Nam Tan Uyen Industrial Park
POS,PTSC Offshore Services
OIL,PV Oil
QCC,Construction Investment and Telecommunications Infrastructure Development
QHW,Quang Ninh Mineral Water
RCC,Railway Construction
SEA,SEAPRODEX
SBV,Siam Brothers Vietnam
SKG,Superdong - Kien Giang Fast Ferry
SIG,Song Da Investment and Trading
SRC,Sao Vang Rubber
STW,Soc Trang Water Supply
THW,Tan Hoa Water Supply
TVP,TV Pharm
VC9,VC9
VDS,Viet Dragon Securities
VEG,VEGETEXCO
TVT,Viet Thang Corp.
VTR,Vietravel
VPD,EVN Development
VRE,Vincom Retail
VTZ,Viet Thanh Plastic
SSH,Sunshine Homes Development
CKA,An Giang Mechanical
ATG,An Truong An
BGM,Bac Giang Exploitable Mineral
BNW,Bac Ninh Clean Water
BTP,Ba Ria Thermal Power
ICT,Telecoms and Informatics
DCT,Dong Nai Roofsheet & Material
TTE,Truong Thinh Energy
NSS,Dong Nai Agricultural Livestock Product
GDW,Gia Dinh Wasuco
HJS,Nam Mu Hydropower
IBC,APAX Holdings
INN,Agriculture Printing And Packaging
MASC,Mirae Asset Securities
OPC,OPC Pharmaceutical
PAP,Petro Vietnam Phuoc An Port
SPJC,Spj
SVN,Vexilla Viet Nam Group
TIE,TIE electronics
VTQ,Viet Trung Quang Binh
VBB,VietBank
XHC,XuanHoa Furniture
BCA,B.C.H Company
AAM,Mekong Fisheries
KCB,Cao Bang Mineral and Metallurgical
CCI,CIDICO
CCS,Brilliant Chip
CJC,Central Electrical Mechanical
SUTH,Thanh Ha Constrexim
TTPLAS,Tan Tien Plastic
BVA,Bac Viet Produce and Trading
AASC,A Au Securities
CGP,Cagipharm
DVD,Vien Dong Pharmaceutical
VIMEC,VIMEC Medical Equipment
HD3,MHDI 3 Housing
PRUBF1,Eastspring Investments Fund Management
NAVS,Vit Securities
VLB,Bien Hoa Building Materials
BMC,Binh Dinh Minerals
CDO,Consultancy Design and Urban Development
CE1,CIE1 Construction
CTT,Vinacomin - Machinery JSC
DGW,Digiworld Corporation
DTI,Duc Trung Investment
KSV,Vinacomin - Minerals Holding
L18,Licogi 18
LAS,Lam Thao Fertilizers
LIX,Lix Detergent
NHH,HaNoi Plastics
NHT,Nam Hoa Trading and Production
NNC,Nui Nho Stone
EVS,EVS Securities
PGI,PJICO Insurance
PLC,Petrolimex Petrochemical
PTT,Indochina Petroleum Transportation
RAL,Rang Dong Light and Vacuum Flask
SGT,Saigon Telecom
TPS,Sai Gon Transportation Parking
SHX,Sai gon Train
TR1,Traco No 1
VLF,Vinh Long Food
VNE,Vietnam Electricity Construction
VTI,VINATEXIMEX
VDM,Vietnam Textile Research Institute
CMK,Mao Khe - Vinacomin Mechanical
CMX,CAMIMEX Group
DBT,Ben Tre Pharmaceutical
G20,Vinh Phuc Textile
HAB,"Habook.,jsc"
HDO,Hung Dao Container
LAF,Long An Food Processing
NGC,Ngo Quyen Food Processing
PET,Petrovietnam General Services
QTP,Quang Ninh Thermal Power
QPH,Que Phong Hydropower
SAS,Southern Airports Services
SBT,Thanh Thanh Cong - Bien Hoa Sugar
SDX,SD Investment Construction and Fire Prevention
SRT,Saigon Railway Transport
SQC,Sai Gon - Quy Nhon Mining
SSN,Seaprodex Saigon
TBC,Thac Ba Hydropower
VE9,VNECO 9
VNL,Vinalink Logistics
CQT,VVMI Quan Trieu Cement
DGT,DONA Transportation Construction
EIB,Eximbank
HGW,HAWASUCO
HDS,Hai Duong Seeds
HHN,Hanoi Goods Service and Transport
HTR,Ha Thai Railway
KHG,Khai Hoan Land Group
TLS,Lang Son Trade
NDW,Nam Dinh Water Supply
MNB,Nha Be Garment
SP2,Su Pan 2 Hydropower Joint Stock Company
TDH,Thu Duc House
TDW,Thu Duc Water Supply
THN,Thanh Hoa Water Supply
TLH,Tien Len Steel
TVA,Viglacera Thanh Tri Sanitary
VC7,BGI Group
VMC,VIMECO
NVP,Vinh Phuc Water Supply
VTT,Vita Corp
VLW,Vinh Long Warter Supply
DDB,Dong Duong Construction And Trading
SGI,Sai Gon 3 Group Investment Development
APC,An Phu Irradiation
A32,32 Company
BAL,BALPAC
BCH,Bao Chau Pharmaceutical
BMP,Binh Minh Plastics
BTS,VICEM ButSon
C71,471 Company
CMP,Chan May Port
CVT,CMC JSC
DAP,Dopack
DUS,Da Lat Urban Server
DNC,Haiphong electricity water machines
DOC,Dong Nai Agricultural Material
DRH,DRH Holdings
FUESSV50,SSIAM VNX50 ETF
FPC,Full Power
FRC,Quang Nam Forest Products Export
HC1,Hanoi Construction No.1
HC3,HaiPhong Construction No3
HCO,HAICHACO
HSA,HESTIA
LQN,Licogi Quang Ngai
LM3,Lilama 3
NAG,NAGAKAWA Group
ND2,Vinaconex Nedi 2
NDF,NADEXFOCO
NED,North - West Electric Investment
NOS,Oriental Shipping and Trading
PSH,Nam Song Hau Trading Investing Petroleum
NTL,Tu Liem Urban Development
PVSH,PetroVietNam SongHong Investment
PXM,Mientrung Petroleum Construction
RCL,Cho Lon Real Estates
SGN,Saigon Ground Services
SPI,Stone Spilit
TCL,Tan Cang Logistics
TV1,Power Engineering Consulting 1
TVG,Transport Investment And Construction Consultant
UIC,Idico Urban and House development
VFG,Vietnam Fumigation
VIE,VITECO VNPT
VIR,VungTau Intourco Resort
MGR,MGROUP CORP
ADP,A Dong Paint
AMD,FLC Stone
APL,VVMI - Mechanical And Pressure Equipment
BRR,BaRia Rubber
BHC,Bien Hoa Concrete
BKG,BKG Vietnam Investment
AMV,American Vietnamese Biotech
NBT,Ben Tre Water Supply
MH3,Binh Long Industrial Park
BMF,Dong Nai Building Material and Fuel
NTS,Shinec Wood Furniture
NAGT,Nghe An Green Tourist
DC4,Dicera Holdings
DCL,Cuu Long Pharmaceutical
DNT,Dong Nai Tourist
CDR,Dong Nai Rubber Construction
GEG,Gia Lai Electricity
GTN,GTNfoods
HMC,Ho Chi Minh Metal Corp.
BVN,Vietnam Cotton
CNN,CONINCO
CTP,Hoa Binh Takara
KHA,Khanh Hoi Investment and Services
KTW,Kon Tum Water Supply
KOS,KOSY Company
LBE,LVA Trading And Services
MTC,My Tra Tourist
NAV,Nam Viet
PMS,Petroleum Mechanical
PBT,Binh Son Petroleum Packaging And Trading
TBR,Tan Binh Real Estate
SCB,Ngân hàng SCB
SCI,SCI E&C
SDK,Mechanical Engineering and Metallurgy
NSG,Sai Gon Plastic
SGR,SAIGONRES Group
SJC,Song Da 1.01
SPC,Saigon Plant Protection
SSF,G Sai Gon Education
TS4,Seafood No 4
VCT,Vinaconex's Construction Consultant
VGV,Vietnam National Construction Consultants
VNH,Viet Viet Nhat Investment
VNT,Vinatrans Hanoi
VPG,Viet Phat Import Export Trading Investment
GHA,Hai Phong Paper
KLS,Kim Long Securities
BIG,BIG Group Holdings
PCH,Picomat Plastic
NO1,911 Group
AGM,An Giang Import Export
BMD,Binh Thuan Environmental Urban Service
CEG,Construction and Industry Equipment
CPI,Cai Lan Port Investment
DASC,Vikki Digital Bank Securities
FUCTVGF2,Thien Viet Growth Fund 2
FUEMAV30,MAFM VN30 ETF
GTT,Thuan Thao Group
HTG,Hoa Tho Textile - Garment
HVA,HVA Investment
IJC,Becamex IJC
ITD,Innovative Technology Development
KTL,Thang Long Metal Wares
KTT,KTT Investment Group
LCS,Licogi 16.6
MAC,"Macstar Group "
MDG,Mien Dong Construction
NAU,Nghe An Urban Environment
NAS,NASCO
NEM,Northern Electric Equipment
PDR,Phat Dat Real Estate
PID,Petroleum Interior Decoration
PPI,Pacific Property
SZC,Sonadezi Chau Duc
TCI,Thanh Cong Securities
TGP,Truong Phu Cable
TH1,GENERALEXIM
TVC,Tri Viet Corporation
PVO,PV Oil Lube
VIF,VietNam Forestry
VGG,Viet Tien Garment
DKW,Chau Thanh Water Supplying
FUEKIVFS,KIM GROWTH VNFINSELECT ETF
ACM,A Cuong Mineral Group
ANT,ANTESCO
APS,Asia - Pacific Securities
BII,Bao Thu Industrial Development and Investment
VSM,Central Container
DAH,Dong A Hotel Group
DHA,Hoa An Stones and Materials
DKP,Dk Pharma Jsc
FDC,FIDECO
GTA,Thuan An Wood Processing
HDM,HUEGATEX
HFC,HFC JSC
ILB,ICD Tan Cang Long Binh
IHK,"AVIPRINT.,JSC"
NBE,North Books and Educational Equipment
NET,NETCO
NS2,Hanoi Water Supply Number 2
PIS,PISICO Binh Dinh
PTX,Petrolimex Nghe Tinh Transportation and Service
PVA,PetroVietnam - Nghe An Construction
SAL,Viet Nam Salvage
SAC,Sai Gon Port Stevedoring And Service
VAB,Viet A Bank
VIH,Viglacera Ha Noi
VDB,Dong Bac Transport and Processing of Coal
DVN,Vietnam Pharmaceutical (VINAPHARM)
VNX,VINEXAD
ECO,Ecoplastic VN
AGRB,Agribank
BCC,Bim Son Cement
BID,BIDV
BSI,BIDV Securities
DID,DIC - Dong Tien
TCH,Hoang Huy Investment Financial Services
HPW,Hai Phong Water
IDC,IDICO
IN4,No 4 Printing
KCE,KPCECO
KWA,Kien Tuong Water Supply
MED,Mediplantex Phamaceutical
MMC,Manganese Mineral
PLE,Petrolimex Engineering
PSI,Petrovietnam Securities
PCE,Central Petrovietnam Fertilizer and Chemicals
PRE,PVI Reinsurance
PVY,PV Shipyard
PXA,PetroVietnam - Nghe An Investment & Trading
QNU,Quang Nam Urban Environment
SCC,SHB Trading Investment JSC
SDJ,Song Da 25
SGS,Saigon Shipping
SZG,Sonadezi Giang Dien
SPH,SEAPRODEX HANOI
SSU,Soc Son Urban Environment
SVT,Sai Gon Vien Dong Technology
TNT,TNT Corporation
TTA,TRUONG THANH DECONIN
VC5,Viet Nam Construction No.5
BRV,Viger Beer Alcoho
VGT,VINATEX
DSD,DHC Suoi Doi
BST,Binh Thuan Books & Equipments
C21,Century 21
CSV,South Basic Chemicals
DMS,DMC - South
DPD,Cao Su Dong Phu Dak Nong
DST,Sao Thang Long Investment
GMC,Garmex Saigon
HAH,Hai An Transport
L14,Licogi 14
PCG,PV Gas City
PTV,Petechim
SD7,Song Da 7 JSC
SHI,Sonha International Corporation
TC6,Vinacomin - Coc Sau Coal
TET,Northern Textiles And Garments
TIS,Thai Nguyen Iron and Steel
TMX,Cement trading
TNS,Thong Nhat Flat Steel
TTP,Tan Tien Plastic Packaging
TTZ,Tien Trung Construction
VGS,Vietnam Germany Steel Pipe
VMT,Vina Trans Da Nang
VIP,Viet Nam Petroleum Transport
VLA,Van Lang Technology Development
VTK,Viettel Consultancy and Services
VW1,Viwaseen.1
LEC,Central Power Real Estate
FBA,FBA International Group
HIZ,Honai Industrial Zone
HNG,Hoang Anh Gia Lai Agricultural
HU1,"HUD1.,JSC"
HD8,HUD8
LDW,Lam Dong Water Supply and Sewerage
LG9,Licogi 9
LKW,Long Khanh Water Supply
QNP,Cang Quy Nhon
SMB,Sai Gon - Mien Trung Beer
TBH,General Department Store
TDN,Vinacomin - Deo Nai coal
BTB,HATHABEER
TTL,Thang Long Corporation
TEC,Traenco
TQW,Tuyen Quang Water Supply
VCS,VICOSTONE
BMV,Vinafood 1 Flour
KHATA,ACE WOODTECH
MTJC,Consulting and construction of Central
ASG,"ASG., Corp"
ATB,An Thinh Company
PRT,Binh Duong Producing and Trading
BHG,Bien Ho Tea
BSP,Sai Gon - Phu Tho Beer
CGC,CanGio Service and Trading
CII,Ho Chi Minh Infrastructure
KMF,Mirae Fiber Cotton
MCV,Cavico Vietnam Mining
VMK,Vimarko
HMR,Hoang Mai Stone
BLT,Binh Dinh Food
BMG,Binh Minh Garment
DP1,Central Pharmaceutical CPC1
CSM,The Southern Rubber Industry
DPM,Petrovietnam Fertilizer and Chemicals
SDF,Song Da Finance
DVP,Dinh Vu Port Investment
ESO,Vinh Cuu Corp
FTI,Friendship Trading - Industrial
HCC,Hoa Cam Concrete
HSI,MF JSC
KKC,TTGroup JSC
MA1,MACHINCO1
MAS,Danang Airport Services
PBC,Pharbaco
PSE,South-East PetroVietnam Fertilizer and Chemicals
RBC,Rubico
SD6,Song Da 6 JSC
BSG,Saigon Bus
SGO,Saigon Oil
SJM,Song Da 19
SSM,VNECO Steel Structure
GND,Dong Nai Brick and Tile
VSE,Vietnam Expressway Services
G30,30-4 Brick and Tile
DTB,Bao Loc Urban Project
BTG,Tien Giang Packaging
CDV,Viet Nam Investment Consulting
CLX,CHOLIMEX
CC1,Construction Corporation No.1
DNS,Danang Steel
DPR,Dong Phu Rubber
GAS,PetroVietnam Gas
GIC,Green Development And Investment
BBM,Ha Noi - Nam Dinh Beer
HAR,An Duong Thao Dien Real Estate
HCD,HCD Investment Producing
HKT,QP Green Investment
HRB,Harec Investment and Trade
HSP,Ha Noi Synthetic Paint
ICL,IMEX Vinh Long
KPF,KOJI Asset Investment
AMS,AMECC Mechanical
NHV,NHV Investment
PHP,Hai Phong Port
PXC,PVC-Mekong
TKA,Tan Khanh An Packaging
VAV,VIWACO
VCI,Vietcap Securities
VCX,Yen Binh Cement
VPS,Vietnam Pesticide
VKD,Khanh Hoa Mineral Water
MGC,Vinacomin - Mining Geology
TVN,Viet Nam Steel
VNY,Vietnam Vererinary Products
YBC,YenBai Cement and Minerals
DBM,BAMEPHARM
DLG,Duc Long Gia Lai Group
DHQ,Quang Ninh Duyen Hai
EMG,EMESCO
FRT,FPT Retail
M10,Garment 10 Corporation
HNR,Hanoi Liquor And Beverage - HALICO
KMR,MIRAE
HFT,Pinetree Securities
NST,Ngan Son Household
PHS,Phu Hung Securities
PMC,Pharmedic Pharmaceutical
SED,Phuong Nam education
TSG,Saigon Railway Signal - Telecom
STT,Saigon Tourist Transport
MBS,MB Securities
TLT,Thang Long Viglacera
DTK,Vinacomin Power
VOS,Vietnam Ocean Shipping
EPH,Ha Noi Education Publishing Services
CCC,CDC Construction
CKD,Dong Anh Licogi
CMI,CMISTONE Vietnam
AUM,Vinacafe Son Thanh
DCS,Dai Chau Group JSC
DTC,Dong Trieu Viglacera
MVY,Vinhyen Environment And Urban Services Joint Stock Company
HPX,Hai Phat Investment
HPI,Hiep Phuoc Industrial Park
HMS,Hochiminh Museum Construction
TUG,Hai Phong Tugboat and Transport
LCC,Hong Phong Cement
XDT,TSG Investment and Construction
DMH,Minh Hai Pharmaceutical
PGC,Petrolimex Gas
PIV,PIV JSC
PNT,Phu Nhuan Technical Construction
PTC,ICAPITAL Investment
PTG,Phan Thiet Gamex Co
PXI,Petroleum Industrial And Construction
RIC,Royal International Casino
SJE,Song Da 11
STC,Ho Chi Minh City Book and Edu Equipments
TCM,Thanh Cong Textile Garment
VDL,Lam Dong Foodstuffs
VMA,Vinacomin Motor Industry
VSP,Vinashin petroleum transport
VTO,Vitaco - Vietnam Tanker
ACV,Airports of Vietnam
HNB,Ha Noi Transport Station
CFV,TLCF
CSG,Sai Gon Cable
PNB,Southern Bank
TBGT,Equipments of Transport Construction
HT2,Ha Tien 2 Cement
THM,Tu Hai Ha Nam
HSV,HSV Viet Nam Group
BVL,BV Land
APP,Additives and Petroleum Products
ASA,SAAsa Consumer Product
BIC,BIDV Insurance
C69,1369 Construction
KDF,KFF
STK,Century Synthetic Fiber
CI5,Construction Investment No 5
DAC,382 Dong Anh JSC
MDN,DONAGAMEX
DXG,Dat xanh real estate
FUESSVFL,ETF SSIAM VNFIN LEAD Fund
DDH,Hai Phong Waterway Traffic Assurance
BKH,Hanoi Confectionery
HUT,Tasco- JSC
KHS,KIHUSEA VN
LCW,Lai Chau Clean Water
HPO,HAPULICO Industry
MDA,Dong Anh Urban Environment
JOS,Minh Hai Jostoco
MHL,Minh Huu Lien
NBC,Vinacomin - Nui Beo Coal
NVL,Novaland
NQB,Quang Binh Water Supply
BQB,Hanoi - Quang Binh Beer
SD2,Song Da 2 JSC
SDC,Song Da Consulting
SJS,SJ Group
SMC,SMC Investment Trading
STB,Sacombank
TTD,Tam Duc Cardiology Hospital
CET,HTC Holding JSC
TLI,Thang Loi International Garment
UEM,Uongbi Electric Mechanical
V11,Vinaconex No.11
VAF,Van Dien Phosphate Fertilizer
VIG,Viet Nam Financial Investment Securities
VMG,Vung Tau Petroleum
VNZ,VNG CORP
DBV,Vinh Phuc Road Management and Maintenance
VTL,Thanglong Wines
X77,Thanh An 77
TRALY,Tra Ly Spinning
TOS,Tan Cang Offshore Services
AGR,AgriBank Securities
DAB,Daia Bank
APG,APG Securities
BCMC,BCMC
CKG,CIC Group
TCK,COMA
DHT,Ha Tay Pharmaceutical
DSV,Vinh Phu Railway
HAI,HAI AGROCHEM
HAT,Hanoi Beer Trading
TSJ,Hanoi Toserco
HPD,Dak Doa Hydropower
HPP,Hai Phong Paint
L44,LILAMA 45.4
L12,LICOGI 12
LLM,LILAMA
MEL,Me Lin Steel
PSB,Sao Mai - Ben Dinh
DAT,Travel and Seafoods Development
SDA,SIMCO Song Da
SNC,Nam Can Seaproducts
NSL,SonLa Water Supply
ST8,ST8 Holdings
STS,Saigon Transport Agency
SVH,Song Vang HydroPower
TCT,Tay Ninh Cable Car Tour Co.
THO,Tay Ho Construction
TMS,Transimex
VMD,Vimedimex Medi - Pharma
VST,Viet Nam Sea Transport and Chartering
X20,Gatexco 20 (X20)
